"x","y","pm2.5","year","month"
106.654996141104,-6.0549999702885,17.3999996185303,"2020","4"
106.664996140837,-6.0549999702885,16.8999996185303,"2020","4"
106.67499614057,-6.0549999702885,16.5,"2020","4"
106.684996140303,-6.0549999702885,16,"2020","4"
106.694996140036,-6.0549999702885,15.6000003814697,"2020","4"
106.704996139769,-6.0549999702885,15.1000003814697,"2020","4"
106.714996139502,-6.0549999702885,16,"2020","4"
106.984996132291,-6.0549999702885,15.6000003814697,"2020","4"
106.994996132024,-6.0549999702885,15.8999996185303,"2020","4"
106.654996141104,-6.06499997007346,17.6000003814697,"2020","4"
106.664996140837,-6.06499997007346,17,"2020","4"
106.67499614057,-6.06499997007346,16.6000003814697,"2020","4"
106.684996140303,-6.06499997007346,16.1000003814697,"2020","4"
106.694996140036,-6.06499997007346,15.6999998092651,"2020","4"
106.704996139769,-6.06499997007346,15.3999996185303,"2020","4"
106.714996139502,-6.06499997007346,15.1999998092651,"2020","4"
106.994996132024,-6.06499997007346,16.6000003814697,"2020","4"
106.654996141104,-6.07499996985841,18.7999992370605,"2020","4"
106.664996140837,-6.07499996985841,17,"2020","4"
106.67499614057,-6.07499996985841,16.6000003814697,"2020","4"
106.684996140303,-6.07499996985841,16.2999992370605,"2020","4"
106.694996140036,-6.07499996985841,15.8999996185303,"2020","4"
106.704996139769,-6.07499996985841,15.6000003814697,"2020","4"
106.714996139502,-6.07499996985841,15.1999998092651,"2020","4"
106.724996139235,-6.07499996985841,15.8000001907349,"2020","4"
106.734996138967,-6.07499996985841,17.2000007629395,"2020","4"
106.994996132024,-6.07499996985841,17.5,"2020","4"
106.654996141104,-6.08499996964336,19.1000003814697,"2020","4"
106.664996140837,-6.08499996964336,17,"2020","4"
106.67499614057,-6.08499996964336,16.7000007629395,"2020","4"
106.684996140303,-6.08499996964336,16.3999996185303,"2020","4"
106.694996140036,-6.08499996964336,16.1000003814697,"2020","4"
106.704996139769,-6.08499996964336,15.8000001907349,"2020","4"
106.714996139502,-6.08499996964336,15.5,"2020","4"
106.724996139235,-6.08499996964336,15.1999998092651,"2020","4"
106.734996138967,-6.08499996964336,16.7000007629395,"2020","4"
106.974996132558,-6.08499996964336,17.7000007629395,"2020","4"
106.984996132291,-6.08499996964336,18.3999996185303,"2020","4"
106.994996132024,-6.08499996964336,18.7000007629395,"2020","4"
106.654996141104,-6.09499996942831,20.2999992370605,"2020","4"
106.664996140837,-6.09499996942831,17.6000003814697,"2020","4"
106.67499614057,-6.09499996942831,16.7999992370605,"2020","4"
106.684996140303,-6.09499996942831,16.5,"2020","4"
106.694996140036,-6.09499996942831,16.2999992370605,"2020","4"
106.704996139769,-6.09499996942831,16,"2020","4"
106.714996139502,-6.09499996942831,15.6999998092651,"2020","4"
106.724996139235,-6.09499996942831,15.5,"2020","4"
106.734996138967,-6.09499996942831,16,"2020","4"
106.7449961387,-6.09499996942831,17.7000007629395,"2020","4"
106.794996137365,-6.09499996942831,17.5,"2020","4"
106.804996137098,-6.09499996942831,17.3999996185303,"2020","4"
106.814996136831,-6.09499996942831,17.3999996185303,"2020","4"
106.874996135229,-6.09499996942831,17.2000007629395,"2020","4"
106.884996134962,-6.09499996942831,17.2999992370605,"2020","4"
106.894996134694,-6.09499996942831,17.2999992370605,"2020","4"
106.904996134427,-6.09499996942831,17.3999996185303,"2020","4"
106.91499613416,-6.09499996942831,17.2999992370605,"2020","4"
106.924996133893,-6.09499996942831,17.5,"2020","4"
106.934996133626,-6.09499996942831,18.3999996185303,"2020","4"
106.944996133359,-6.09499996942831,17.5,"2020","4"
106.954996133092,-6.09499996942831,18,"2020","4"
106.964996132825,-6.09499996942831,18.5,"2020","4"
106.974996132558,-6.09499996942831,19.2000007629395,"2020","4"
106.984996132291,-6.09499996942831,15.8999996185303,"2020","4"
106.994996132024,-6.09499996942831,15.8000001907349,"2020","4"
106.654996141104,-6.10499996921326,20.7000007629395,"2020","4"
106.664996140837,-6.10499996921326,19.2999992370605,"2020","4"
106.67499614057,-6.10499996921326,17.5,"2020","4"
106.684996140303,-6.10499996921326,16.6000003814697,"2020","4"
106.694996140036,-6.10499996921326,16.3999996185303,"2020","4"
106.704996139769,-6.10499996921326,16.2000007629395,"2020","4"
106.714996139502,-6.10499996921326,16,"2020","4"
106.724996139235,-6.10499996921326,15.8000001907349,"2020","4"
106.734996138967,-6.10499996921326,15.6000003814697,"2020","4"
106.7449961387,-6.10499996921326,17.2000007629395,"2020","4"
106.754996138433,-6.10499996921326,18.2000007629395,"2020","4"
106.764996138166,-6.10499996921326,18.5,"2020","4"
106.774996137899,-6.10499996921326,18.3999996185303,"2020","4"
106.784996137632,-6.10499996921326,18.3999996185303,"2020","4"
106.794996137365,-6.10499996921326,18.2999992370605,"2020","4"
106.804996137098,-6.10499996921326,18.2999992370605,"2020","4"
106.814996136831,-6.10499996921326,18.3999996185303,"2020","4"
106.834996136297,-6.10499996921326,18.2000007629395,"2020","4"
106.854996135763,-6.10499996921326,18.2000007629395,"2020","4"
106.864996135496,-6.10499996921326,18.2999992370605,"2020","4"
106.874996135229,-6.10499996921326,18.3999996185303,"2020","4"
106.884996134962,-6.10499996921326,18.3999996185303,"2020","4"
106.894996134694,-6.10499996921326,18.1000003814697,"2020","4"
106.904996134427,-6.10499996921326,16.1000003814697,"2020","4"
106.91499613416,-6.10499996921326,16.8999996185303,"2020","4"
106.924996133893,-6.10499996921326,16.2000007629395,"2020","4"
106.934996133626,-6.10499996921326,16.5,"2020","4"
106.944996133359,-6.10499996921326,19.2000007629395,"2020","4"
106.954996133092,-6.10499996921326,19.5,"2020","4"
106.964996132825,-6.10499996921326,20.1000003814697,"2020","4"
106.974996132558,-6.10499996921326,20.7000007629395,"2020","4"
106.984996132291,-6.10499996921326,21.1000003814697,"2020","4"
106.994996132024,-6.10499996921326,20.7999992370605,"2020","4"
106.654996141104,-6.11499996899821,21.5,"2020","4"
106.664996140837,-6.11499996899821,20.1000003814697,"2020","4"
106.67499614057,-6.11499996899821,19.2000007629395,"2020","4"
106.684996140303,-6.11499996899821,17.7999992370605,"2020","4"
106.694996140036,-6.11499996899821,16.5,"2020","4"
106.704996139769,-6.11499996899821,16.3999996185303,"2020","4"
106.714996139502,-6.11499996899821,16.2000007629395,"2020","4"
106.724996139235,-6.11499996899821,16.1000003814697,"2020","4"
106.734996138967,-6.11499996899821,15.8999996185303,"2020","4"
106.7449961387,-6.11499996899821,16.6000003814697,"2020","4"
106.754996138433,-6.11499996899821,17.7000007629395,"2020","4"
106.764996138166,-6.11499996899821,18.1000003814697,"2020","4"
106.774996137899,-6.11499996899821,18.2999992370605,"2020","4"
106.784996137632,-6.11499996899821,18.7000007629395,"2020","4"
106.794996137365,-6.11499996899821,18.8999996185303,"2020","4"
106.804996137098,-6.11499996899821,19,"2020","4"
106.814996136831,-6.11499996899821,19.1000003814697,"2020","4"
106.824996136564,-6.11499996899821,19.3999996185303,"2020","4"
106.834996136297,-6.11499996899821,19.2999992370605,"2020","4"
106.84499613603,-6.11499996899821,19.3999996185303,"2020","4"
106.854996135763,-6.11499996899821,19.3999996185303,"2020","4"
106.864996135496,-6.11499996899821,19.5,"2020","4"
106.874996135229,-6.11499996899821,19.7000007629395,"2020","4"
106.884996134962,-6.11499996899821,19.5,"2020","4"
106.894996134694,-6.11499996899821,18.8999996185303,"2020","4"
106.904996134427,-6.11499996899821,18.8999996185303,"2020","4"
106.91499613416,-6.11499996899821,19.2000007629395,"2020","4"
106.924996133893,-6.11499996899821,18.7999992370605,"2020","4"
106.934996133626,-6.11499996899821,20.6000003814697,"2020","4"
106.944996133359,-6.11499996899821,20.7000007629395,"2020","4"
106.954996133092,-6.11499996899821,21.1000003814697,"2020","4"
106.964996132825,-6.11499996899821,21.6000003814697,"2020","4"
106.974996132558,-6.11499996899821,22.2000007629395,"2020","4"
106.984996132291,-6.11499996899821,22.2999992370605,"2020","4"
106.994996132024,-6.11499996899821,21.7999992370605,"2020","4"
106.654996141104,-6.12499996878316,22.2999992370605,"2020","4"
106.664996140837,-6.12499996878316,21.3999996185303,"2020","4"
106.67499614057,-6.12499996878316,20.8999996185303,"2020","4"
106.684996140303,-6.12499996878316,20,"2020","4"
106.694996140036,-6.12499996878316,19.5,"2020","4"
106.704996139769,-6.12499996878316,18.6000003814697,"2020","4"
106.714996139502,-6.12499996878316,17.6000003814697,"2020","4"
106.724996139235,-6.12499996878316,17.2000007629395,"2020","4"
106.734996138967,-6.12499996878316,16.2999992370605,"2020","4"
106.7449961387,-6.12499996878316,16.2000007629395,"2020","4"
106.754996138433,-6.12499996878316,17,"2020","4"
106.764996138166,-6.12499996878316,17.3999996185303,"2020","4"
106.774996137899,-6.12499996878316,17.7000007629395,"2020","4"
106.784996137632,-6.12499996878316,18,"2020","4"
106.794996137365,-6.12499996878316,18.2999992370605,"2020","4"
106.804996137098,-6.12499996878316,18.5,"2020","4"
106.814996136831,-6.12499996878316,18.7999992370605,"2020","4"
106.824996136564,-6.12499996878316,19.2999992370605,"2020","4"
106.834996136297,-6.12499996878316,20,"2020","4"
106.84499613603,-6.12499996878316,20.2000007629395,"2020","4"
106.854996135763,-6.12499996878316,20.7000007629395,"2020","4"
106.864996135496,-6.12499996878316,20.8999996185303,"2020","4"
106.874996135229,-6.12499996878316,21.1000003814697,"2020","4"
106.884996134962,-6.12499996878316,19.7999992370605,"2020","4"
106.894996134694,-6.12499996878316,19.1000003814697,"2020","4"
106.904996134427,-6.12499996878316,20.7000007629395,"2020","4"
106.91499613416,-6.12499996878316,20.6000003814697,"2020","4"
106.924996133893,-6.12499996878316,20.2999992370605,"2020","4"
106.934996133626,-6.12499996878316,22.2000007629395,"2020","4"
106.944996133359,-6.12499996878316,22.3999996185303,"2020","4"
106.954996133092,-6.12499996878316,22.6000003814697,"2020","4"
106.964996132825,-6.12499996878316,23.1000003814697,"2020","4"
106.974996132558,-6.12499996878316,24.5,"2020","4"
106.984996132291,-6.12499996878316,24.7999992370605,"2020","4"
106.994996132024,-6.12499996878316,25.2000007629395,"2020","4"
106.654996141104,-6.13499996856811,22.7000007629395,"2020","4"
106.664996140837,-6.13499996856811,22.7000007629395,"2020","4"
106.67499614057,-6.13499996856811,22.7000007629395,"2020","4"
106.684996140303,-6.13499996856811,22.2000007629395,"2020","4"
106.694996140036,-6.13499996856811,22.2000007629395,"2020","4"
106.704996139769,-6.13499996856811,22.2000007629395,"2020","4"
106.714996139502,-6.13499996856811,21.7000007629395,"2020","4"
106.724996139235,-6.13499996856811,21.7000007629395,"2020","4"
106.734996138967,-6.13499996856811,21.2000007629395,"2020","4"
106.7449961387,-6.13499996856811,21.2000007629395,"2020","4"
106.754996138433,-6.13499996856811,21.3999996185303,"2020","4"
106.764996138166,-6.13499996856811,21.7000007629395,"2020","4"
106.774996137899,-6.13499996856811,21.8999996185303,"2020","4"
106.784996137632,-6.13499996856811,22,"2020","4"
106.794996137365,-6.13499996856811,22.2999992370605,"2020","4"
106.804996137098,-6.13499996856811,22.3999996185303,"2020","4"
106.814996136831,-6.13499996856811,22.7000007629395,"2020","4"
106.824996136564,-6.13499996856811,23.1000003814697,"2020","4"
106.834996136297,-6.13499996856811,23.6000003814697,"2020","4"
106.84499613603,-6.13499996856811,23.7000007629395,"2020","4"
106.854996135763,-6.13499996856811,24.2999992370605,"2020","4"
106.864996135496,-6.13499996856811,25.1000003814697,"2020","4"
106.874996135229,-6.13499996856811,25.8999996185303,"2020","4"
106.884996134962,-6.13499996856811,26.3999996185303,"2020","4"
106.894996134694,-6.13499996856811,24,"2020","4"
106.904996134427,-6.13499996856811,21.7000007629395,"2020","4"
106.91499613416,-6.13499996856811,21.5,"2020","4"
106.924996133893,-6.13499996856811,26.5,"2020","4"
106.934996133626,-6.13499996856811,26.6000003814697,"2020","4"
106.944996133359,-6.13499996856811,26.2999992370605,"2020","4"
106.954996133092,-6.13499996856811,27.2000007629395,"2020","4"
106.964996132825,-6.13499996856811,28.3999996185303,"2020","4"
106.974996132558,-6.13499996856811,29.3999996185303,"2020","4"
106.984996132291,-6.13499996856811,29.3999996185303,"2020","4"
106.994996132024,-6.13499996856811,29.3999996185303,"2020","4"
106.654996141104,-6.14499996835306,23.6000003814697,"2020","4"
106.664996140837,-6.14499996835306,24.1000003814697,"2020","4"
106.67499614057,-6.14499996835306,24.1000003814697,"2020","4"
106.684996140303,-6.14499996835306,24.5,"2020","4"
106.694996140036,-6.14499996835306,25,"2020","4"
106.704996139769,-6.14499996835306,25.5,"2020","4"
106.714996139502,-6.14499996835306,25.8999996185303,"2020","4"
106.724996139235,-6.14499996835306,26.3999996185303,"2020","4"
106.734996138967,-6.14499996835306,26.3999996185303,"2020","4"
106.7449961387,-6.14499996835306,26.8999996185303,"2020","4"
106.754996138433,-6.14499996835306,27.2999992370605,"2020","4"
106.764996138166,-6.14499996835306,27.2000007629395,"2020","4"
106.774996137899,-6.14499996835306,27.6000003814697,"2020","4"
106.784996137632,-6.14499996835306,27.5,"2020","4"
106.794996137365,-6.14499996835306,27.6000003814697,"2020","4"
106.804996137098,-6.14499996835306,27.6000003814697,"2020","4"
106.814996136831,-6.14499996835306,28.1000003814697,"2020","4"
106.824996136564,-6.14499996835306,28.2999992370605,"2020","4"
106.834996136297,-6.14499996835306,28.6000003814697,"2020","4"
106.84499613603,-6.14499996835306,29,"2020","4"
106.854996135763,-6.14499996835306,30,"2020","4"
106.864996135496,-6.14499996835306,31,"2020","4"
106.874996135229,-6.14499996835306,31.5,"2020","4"
106.884996134962,-6.14499996835306,32.2999992370605,"2020","4"
106.894996134694,-6.14499996835306,33,"2020","4"
106.904996134427,-6.14499996835306,33,"2020","4"
106.91499613416,-6.14499996835306,33,"2020","4"
106.924996133893,-6.14499996835306,32.5999984741211,"2020","4"
106.934996133626,-6.14499996835306,32.5999984741211,"2020","4"
106.944996133359,-6.14499996835306,32.2000007629395,"2020","4"
106.954996133092,-6.14499996835306,33,"2020","4"
106.964996132825,-6.14499996835306,33.7000007629395,"2020","4"
106.974996132558,-6.14499996835306,33.7999992370605,"2020","4"
106.984996132291,-6.14499996835306,32.7999992370605,"2020","4"
106.994996132024,-6.14499996835306,31.7000007629395,"2020","4"
106.654996141104,-6.15499996813801,24.5,"2020","4"
106.664996140837,-6.15499996813801,25.5,"2020","4"
106.67499614057,-6.15499996813801,26.3999996185303,"2020","4"
106.684996140303,-6.15499996813801,26.8999996185303,"2020","4"
106.694996140036,-6.15499996813801,27.2999992370605,"2020","4"
106.704996139769,-6.15499996813801,28.2999992370605,"2020","4"
106.714996139502,-6.15499996813801,29.2999992370605,"2020","4"
106.724996139235,-6.15499996813801,29.3999996185303,"2020","4"
106.734996138967,-6.15499996813801,29.5,"2020","4"
106.7449961387,-6.15499996813801,29.6000003814697,"2020","4"
106.754996138433,-6.15499996813801,29.7000007629395,"2020","4"
106.764996138166,-6.15499996813801,29.6000003814697,"2020","4"
106.774996137899,-6.15499996813801,29.5,"2020","4"
106.784996137632,-6.15499996813801,29.3999996185303,"2020","4"
106.794996137365,-6.15499996813801,29.2999992370605,"2020","4"
106.804996137098,-6.15499996813801,29.2000007629395,"2020","4"
106.814996136831,-6.15499996813801,29.2000007629395,"2020","4"
106.824996136564,-6.15499996813801,29.2999992370605,"2020","4"
106.834996136297,-6.15499996813801,29.5,"2020","4"
106.84499613603,-6.15499996813801,29.7999992370605,"2020","4"
106.854996135763,-6.15499996813801,30.7999992370605,"2020","4"
106.864996135496,-6.15499996813801,32.0999984741211,"2020","4"
106.874996135229,-6.15499996813801,33,"2020","4"
106.884996134962,-6.15499996813801,33.9000015258789,"2020","4"
106.894996134694,-6.15499996813801,34.5,"2020","4"
106.904996134427,-6.15499996813801,35.0999984741211,"2020","4"
106.91499613416,-6.15499996813801,35.2000007629395,"2020","4"
106.924996133893,-6.15499996813801,35.0999984741211,"2020","4"
106.934996133626,-6.15499996813801,34.9000015258789,"2020","4"
106.944996133359,-6.15499996813801,34.9000015258789,"2020","4"
106.954996133092,-6.15499996813801,34.9000015258789,"2020","4"
106.964996132825,-6.15499996813801,34.9000015258789,"2020","4"
106.974996132558,-6.15499996813801,34.4000015258789,"2020","4"
106.984996132291,-6.15499996813801,33.2999992370605,"2020","4"
106.994996132024,-6.15499996813801,33.0999984741211,"2020","4"
106.654996141104,-6.16499996792296,25.8999996185303,"2020","4"
106.664996140837,-6.16499996792296,26.7999992370605,"2020","4"
106.67499614057,-6.16499996792296,27.7000007629395,"2020","4"
106.684996140303,-6.16499996792296,28.7000007629395,"2020","4"
106.694996140036,-6.16499996792296,29.2000007629395,"2020","4"
106.704996139769,-6.16499996792296,29.3999996185303,"2020","4"
106.714996139502,-6.16499996792296,29.5,"2020","4"
106.724996139235,-6.16499996792296,29.6000003814697,"2020","4"
106.734996138967,-6.16499996792296,29.7000007629395,"2020","4"
106.7449961387,-6.16499996792296,29.7999992370605,"2020","4"
106.754996138433,-6.16499996792296,30.2000007629395,"2020","4"
106.764996138166,-6.16499996792296,30.2999992370605,"2020","4"
106.774996137899,-6.16499996792296,30.2000007629395,"2020","4"
106.784996137632,-6.16499996792296,30.2000007629395,"2020","4"
106.794996137365,-6.16499996792296,30.1000003814697,"2020","4"
106.804996137098,-6.16499996792296,30.1000003814697,"2020","4"
106.814996136831,-6.16499996792296,30.1000003814697,"2020","4"
106.824996136564,-6.16499996792296,30.2999992370605,"2020","4"
106.834996136297,-6.16499996792296,30.3999996185303,"2020","4"
106.84499613603,-6.16499996792296,30.7000007629395,"2020","4"
106.854996135763,-6.16499996792296,31.6000003814697,"2020","4"
106.864996135496,-6.16499996792296,32.9000015258789,"2020","4"
106.874996135229,-6.16499996792296,33.5999984741211,"2020","4"
106.884996134962,-6.16499996792296,34.4000015258789,"2020","4"
106.894996134694,-6.16499996792296,34.9000015258789,"2020","4"
106.904996134427,-6.16499996792296,35.2999992370605,"2020","4"
106.91499613416,-6.16499996792296,35.2000007629395,"2020","4"
106.924996133893,-6.16499996792296,35.0999984741211,"2020","4"
106.934996133626,-6.16499996792296,35,"2020","4"
106.944996133359,-6.16499996792296,34.9000015258789,"2020","4"
106.954996133092,-6.16499996792296,34.7999992370605,"2020","4"
106.964996132825,-6.16499996792296,34.9000015258789,"2020","4"
106.974996132558,-6.16499996792296,34.5,"2020","4"
106.984996132291,-6.16499996792296,33.4000015258789,"2020","4"
106.994996132024,-6.16499996792296,33,"2020","4"
106.654996141104,-6.17499996770791,27.7000007629395,"2020","4"
106.664996140837,-6.17499996770791,28.1000003814697,"2020","4"
106.67499614057,-6.17499996770791,29.2999992370605,"2020","4"
106.684996140303,-6.17499996770791,29.3999996185303,"2020","4"
106.694996140036,-6.17499996770791,29.5,"2020","4"
106.704996139769,-6.17499996770791,29.5,"2020","4"
106.714996139502,-6.17499996770791,29.6000003814697,"2020","4"
106.724996139235,-6.17499996770791,29.7999992370605,"2020","4"
106.734996138967,-6.17499996770791,30.7999992370605,"2020","4"
106.7449961387,-6.17499996770791,31.8999996185303,"2020","4"
106.754996138433,-6.17499996770791,33.5,"2020","4"
106.764996138166,-6.17499996770791,33,"2020","4"
106.774996137899,-6.17499996770791,32.5,"2020","4"
106.784996137632,-6.17499996770791,32.4000015258789,"2020","4"
106.794996137365,-6.17499996770791,32,"2020","4"
106.804996137098,-6.17499996770791,31.5,"2020","4"
106.814996136831,-6.17499996770791,31.5,"2020","4"
106.824996136564,-6.17499996770791,31.2000007629395,"2020","4"
106.834996136297,-6.17499996770791,31.3999996185303,"2020","4"
106.84499613603,-6.17499996770791,31.6000003814697,"2020","4"
106.854996135763,-6.17499996770791,32.2000007629395,"2020","4"
106.864996135496,-6.17499996770791,33.4000015258789,"2020","4"
106.874996135229,-6.17499996770791,34.2999992370605,"2020","4"
106.884996134962,-6.17499996770791,34.9000015258789,"2020","4"
106.894996134694,-6.17499996770791,35.4000015258789,"2020","4"
106.904996134427,-6.17499996770791,35.2999992370605,"2020","4"
106.91499613416,-6.17499996770791,35.2000007629395,"2020","4"
106.924996133893,-6.17499996770791,35.0999984741211,"2020","4"
106.934996133626,-6.17499996770791,35,"2020","4"
106.944996133359,-6.17499996770791,34.9000015258789,"2020","4"
106.954996133092,-6.17499996770791,34.7999992370605,"2020","4"
106.964996132825,-6.17499996770791,34.9000015258789,"2020","4"
106.974996132558,-6.17499996770791,34.5999984741211,"2020","4"
106.984996132291,-6.17499996770791,33.4000015258789,"2020","4"
106.994996132024,-6.17499996770791,32.5999984741211,"2020","4"
106.654996141104,-6.18499996749286,29,"2020","4"
106.664996140837,-6.18499996749286,29.2000007629395,"2020","4"
106.67499614057,-6.18499996749286,29.3999996185303,"2020","4"
106.684996140303,-6.18499996749286,29.5,"2020","4"
106.694996140036,-6.18499996749286,29.7000007629395,"2020","4"
106.704996139769,-6.18499996749286,29.7000007629395,"2020","4"
106.714996139502,-6.18499996749286,31.2000007629395,"2020","4"
106.724996139235,-6.18499996749286,32.2000007629395,"2020","4"
106.734996138967,-6.18499996749286,33.2999992370605,"2020","4"
106.7449961387,-6.18499996749286,34.5,"2020","4"
106.754996138433,-6.18499996749286,35.7999992370605,"2020","4"
106.764996138166,-6.18499996749286,35.4000015258789,"2020","4"
106.774996137899,-6.18499996749286,35.2999992370605,"2020","4"
106.784996137632,-6.18499996749286,35.2000007629395,"2020","4"
106.794996137365,-6.18499996749286,34.2000007629395,"2020","4"
106.804996137098,-6.18499996749286,33.7000007629395,"2020","4"
106.814996136831,-6.18499996749286,33.2999992370605,"2020","4"
106.824996136564,-6.18499996749286,32.9000015258789,"2020","4"
106.834996136297,-6.18499996749286,32.4000015258789,"2020","4"
106.84499613603,-6.18499996749286,32.5,"2020","4"
106.854996135763,-6.18499996749286,33,"2020","4"
106.864996135496,-6.18499996749286,33.9000015258789,"2020","4"
106.874996135229,-6.18499996749286,34.7999992370605,"2020","4"
106.884996134962,-6.18499996749286,35.5,"2020","4"
106.894996134694,-6.18499996749286,35.5,"2020","4"
106.904996134427,-6.18499996749286,35.4000015258789,"2020","4"
106.91499613416,-6.18499996749286,35.2999992370605,"2020","4"
106.924996133893,-6.18499996749286,35.0999984741211,"2020","4"
106.934996133626,-6.18499996749286,35,"2020","4"
106.944996133359,-6.18499996749286,34.7999992370605,"2020","4"
106.954996133092,-6.18499996749286,34.7000007629395,"2020","4"
106.964996132825,-6.18499996749286,35,"2020","4"
106.974996132558,-6.18499996749286,34.7000007629395,"2020","4"
106.984996132291,-6.18499996749286,33.5999984741211,"2020","4"
106.994996132024,-6.18499996749286,32.5999984741211,"2020","4"
106.654996141104,-6.19499996727782,29.2000007629395,"2020","4"
106.664996140837,-6.19499996727782,29.2999992370605,"2020","4"
106.67499614057,-6.19499996727782,29.5,"2020","4"
106.684996140303,-6.19499996727782,29.7999992370605,"2020","4"
106.694996140036,-6.19499996727782,30.8999996185303,"2020","4"
106.704996139769,-6.19499996727782,32,"2020","4"
106.714996139502,-6.19499996727782,33,"2020","4"
106.724996139235,-6.19499996727782,33.4000015258789,"2020","4"
106.734996138967,-6.19499996727782,33.7999992370605,"2020","4"
106.7449961387,-6.19499996727782,35.9000015258789,"2020","4"
106.754996138433,-6.19499996727782,37,"2020","4"
106.764996138166,-6.19499996727782,36.7999992370605,"2020","4"
106.774996137899,-6.19499996727782,36.7000007629395,"2020","4"
106.784996137632,-6.19499996727782,36.5,"2020","4"
106.794996137365,-6.19499996727782,36.2000007629395,"2020","4"
106.804996137098,-6.19499996727782,36,"2020","4"
106.814996136831,-6.19499996727782,35,"2020","4"
106.824996136564,-6.19499996727782,34.2999992370605,"2020","4"
106.834996136297,-6.19499996727782,33.5999984741211,"2020","4"
106.84499613603,-6.19499996727782,33.2000007629395,"2020","4"
106.854996135763,-6.19499996727782,33.7999992370605,"2020","4"
106.864996135496,-6.19499996727782,34.5999984741211,"2020","4"
106.874996135229,-6.19499996727782,35.4000015258789,"2020","4"
106.884996134962,-6.19499996727782,35.7000007629395,"2020","4"
106.894996134694,-6.19499996727782,35.5,"2020","4"
106.904996134427,-6.19499996727782,35.2999992370605,"2020","4"
106.91499613416,-6.19499996727782,35.2000007629395,"2020","4"
106.924996133893,-6.19499996727782,35.0999984741211,"2020","4"
106.934996133626,-6.19499996727782,34.7999992370605,"2020","4"
106.944996133359,-6.19499996727782,34.4000015258789,"2020","4"
106.954996133092,-6.19499996727782,34.7000007629395,"2020","4"
106.964996132825,-6.19499996727782,34.9000015258789,"2020","4"
106.974996132558,-6.19499996727782,34.7999992370605,"2020","4"
106.984996132291,-6.19499996727782,33.5999984741211,"2020","4"
106.994996132024,-6.19499996727782,32.5999984741211,"2020","4"
106.654996141104,-6.20499996706277,29.2999992370605,"2020","4"
106.664996140837,-6.20499996706277,29.5,"2020","4"
106.67499614057,-6.20499996706277,29.7000007629395,"2020","4"
106.684996140303,-6.20499996706277,31.2999992370605,"2020","4"
106.694996140036,-6.20499996706277,32.7999992370605,"2020","4"
106.704996139769,-6.20499996706277,33.2000007629395,"2020","4"
106.714996139502,-6.20499996706277,33.5,"2020","4"
106.724996139235,-6.20499996706277,33.9000015258789,"2020","4"
106.734996138967,-6.20499996706277,35.0999984741211,"2020","4"
106.7449961387,-6.20499996706277,37.5,"2020","4"
106.754996138433,-6.20499996706277,38.5,"2020","4"
106.764996138166,-6.20499996706277,38.2000007629395,"2020","4"
106.774996137899,-6.20499996706277,38,"2020","4"
106.784996137632,-6.20499996706277,37.5999984741211,"2020","4"
106.794996137365,-6.20499996706277,37.4000015258789,"2020","4"
106.804996137098,-6.20499996706277,37.2000007629395,"2020","4"
106.814996136831,-6.20499996706277,36.9000015258789,"2020","4"
106.824996136564,-6.20499996706277,36.0999984741211,"2020","4"
106.834996136297,-6.20499996706277,34.9000015258789,"2020","4"
106.84499613603,-6.20499996706277,34.2000007629395,"2020","4"
106.854996135763,-6.20499996706277,34.4000015258789,"2020","4"
106.864996135496,-6.20499996706277,35.2000007629395,"2020","4"
106.874996135229,-6.20499996706277,35.5999984741211,"2020","4"
106.884996134962,-6.20499996706277,35.7000007629395,"2020","4"
106.894996134694,-6.20499996706277,35.5,"2020","4"
106.904996134427,-6.20499996706277,35.4000015258789,"2020","4"
106.91499613416,-6.20499996706277,35.2999992370605,"2020","4"
106.924996133893,-6.20499996706277,34.9000015258789,"2020","4"
106.934996133626,-6.20499996706277,34.5,"2020","4"
106.944996133359,-6.20499996706277,34,"2020","4"
106.954996133092,-6.20499996706277,34.4000015258789,"2020","4"
106.964996132825,-6.20499996706277,34.7999992370605,"2020","4"
106.974996132558,-6.20499996706277,34.7999992370605,"2020","4"
106.984996132291,-6.20499996706277,33.7000007629395,"2020","4"
106.994996132024,-6.20499996706277,32.7000007629395,"2020","4"
106.654996141104,-6.21499996684772,29.2999992370605,"2020","4"
106.664996140837,-6.21499996684772,30.1000003814697,"2020","4"
106.67499614057,-6.21499996684772,31.7000007629395,"2020","4"
106.684996140303,-6.21499996684772,33.2000007629395,"2020","4"
106.694996140036,-6.21499996684772,33.5999984741211,"2020","4"
106.704996139769,-6.21499996684772,33.7999992370605,"2020","4"
106.714996139502,-6.21499996684772,34,"2020","4"
106.724996139235,-6.21499996684772,34.5,"2020","4"
106.734996138967,-6.21499996684772,36.7000007629395,"2020","4"
106.7449961387,-6.21499996684772,39.0999984741211,"2020","4"
106.754996138433,-6.21499996684772,40,"2020","4"
106.764996138166,-6.21499996684772,39.5999984741211,"2020","4"
106.774996137899,-6.21499996684772,39.2999992370605,"2020","4"
106.784996137632,-6.21499996684772,38.9000015258789,"2020","4"
106.794996137365,-6.21499996684772,38.5999984741211,"2020","4"
106.804996137098,-6.21499996684772,38.2000007629395,"2020","4"
106.814996136831,-6.21499996684772,38,"2020","4"
106.824996136564,-6.21499996684772,37.5,"2020","4"
106.834996136297,-6.21499996684772,36.2999992370605,"2020","4"
106.84499613603,-6.21499996684772,35.0999984741211,"2020","4"
106.854996135763,-6.21499996684772,35.0999984741211,"2020","4"
106.864996135496,-6.21499996684772,35.4000015258789,"2020","4"
106.874996135229,-6.21499996684772,35.5,"2020","4"
106.884996134962,-6.21499996684772,35.5999984741211,"2020","4"
106.894996134694,-6.21499996684772,35.5999984741211,"2020","4"
106.904996134427,-6.21499996684772,35.4000015258789,"2020","4"
106.91499613416,-6.21499996684772,35.2000007629395,"2020","4"
106.924996133893,-6.21499996684772,35,"2020","4"
106.934996133626,-6.21499996684772,34.0999984741211,"2020","4"
106.944996133359,-6.21499996684772,33.5999984741211,"2020","4"
106.954996133092,-6.21499996684772,33.7000007629395,"2020","4"
106.964996132825,-6.21499996684772,34.5,"2020","4"
106.974996132558,-6.21499996684772,34.7000007629395,"2020","4"
106.984996132291,-6.21499996684772,33.7999992370605,"2020","4"
106.994996132024,-6.21499996684772,32.7999992370605,"2020","4"
106.654996141104,-6.22499996663267,29.8999996185303,"2020","4"
106.664996140837,-6.22499996663267,31.5,"2020","4"
106.67499614057,-6.22499996663267,33.2000007629395,"2020","4"
106.684996140303,-6.22499996663267,33.5999984741211,"2020","4"
106.694996140036,-6.22499996663267,33.9000015258789,"2020","4"
106.704996139769,-6.22499996663267,34.4000015258789,"2020","4"
106.714996139502,-6.22499996663267,34.5,"2020","4"
106.724996139235,-6.22499996663267,36.2999992370605,"2020","4"
106.734996138967,-6.22499996663267,38.5999984741211,"2020","4"
106.7449961387,-6.22499996663267,40.7000007629395,"2020","4"
106.754996138433,-6.22499996663267,41.5999984741211,"2020","4"
106.764996138166,-6.22499996663267,41.2000007629395,"2020","4"
106.774996137899,-6.22499996663267,40.5999984741211,"2020","4"
106.784996137632,-6.22499996663267,40.2000007629395,"2020","4"
106.794996137365,-6.22499996663267,39.7999992370605,"2020","4"
106.804996137098,-6.22499996663267,39.2999992370605,"2020","4"
106.814996136831,-6.22499996663267,38.9000015258789,"2020","4"
106.824996136564,-6.22499996663267,38.5999984741211,"2020","4"
106.834996136297,-6.22499996663267,37,"2020","4"
106.84499613603,-6.22499996663267,35.5,"2020","4"
106.854996135763,-6.22499996663267,35.0999984741211,"2020","4"
106.864996135496,-6.22499996663267,35.4000015258789,"2020","4"
106.874996135229,-6.22499996663267,35.2000007629395,"2020","4"
106.884996134962,-6.22499996663267,35.2999992370605,"2020","4"
106.894996134694,-6.22499996663267,35.4000015258789,"2020","4"
106.904996134427,-6.22499996663267,35.4000015258789,"2020","4"
106.91499613416,-6.22499996663267,35.0999984741211,"2020","4"
106.924996133893,-6.22499996663267,34.5999984741211,"2020","4"
106.934996133626,-6.22499996663267,33.7000007629395,"2020","4"
106.944996133359,-6.22499996663267,33.2999992370605,"2020","4"
106.954996133092,-6.22499996663267,33.2999992370605,"2020","4"
106.964996132825,-6.22499996663267,33.7000007629395,"2020","4"
106.974996132558,-6.22499996663267,34.5,"2020","4"
106.984996132291,-6.22499996663267,34,"2020","4"
106.994996132024,-6.22499996663267,32.9000015258789,"2020","4"
106.654996141104,-6.23499996641762,31.2999992370605,"2020","4"
106.664996140837,-6.23499996641762,32.7999992370605,"2020","4"
106.67499614057,-6.23499996641762,33.4000015258789,"2020","4"
106.684996140303,-6.23499996641762,33.9000015258789,"2020","4"
106.694996140036,-6.23499996641762,34.4000015258789,"2020","4"
106.704996139769,-6.23499996641762,34.9000015258789,"2020","4"
106.714996139502,-6.23499996641762,36,"2020","4"
106.724996139235,-6.23499996641762,38.2999992370605,"2020","4"
106.734996138967,-6.23499996641762,40.4000015258789,"2020","4"
106.7449961387,-6.23499996641762,42.4000015258789,"2020","4"
106.754996138433,-6.23499996641762,42.7999992370605,"2020","4"
106.764996138166,-6.23499996641762,42.2999992370605,"2020","4"
106.774996137899,-6.23499996641762,41.5999984741211,"2020","4"
106.784996137632,-6.23499996641762,40.9000015258789,"2020","4"
106.794996137365,-6.23499996641762,40.2999992370605,"2020","4"
106.804996137098,-6.23499996641762,39.7000007629395,"2020","4"
106.814996136831,-6.23499996641762,39.2000007629395,"2020","4"
106.824996136564,-6.23499996641762,38.5999984741211,"2020","4"
106.834996136297,-6.23499996641762,37.4000015258789,"2020","4"
106.84499613603,-6.23499996641762,35.5999984741211,"2020","4"
106.854996135763,-6.23499996641762,35,"2020","4"
106.864996135496,-6.23499996641762,35.0999984741211,"2020","4"
106.874996135229,-6.23499996641762,35.2000007629395,"2020","4"
106.884996134962,-6.23499996641762,35.2000007629395,"2020","4"
106.894996134694,-6.23499996641762,35.2000007629395,"2020","4"
106.904996134427,-6.23499996641762,35.2999992370605,"2020","4"
106.91499613416,-6.23499996641762,34.7000007629395,"2020","4"
106.924996133893,-6.23499996641762,33.7999992370605,"2020","4"
106.934996133626,-6.23499996641762,33.2999992370605,"2020","4"
106.944996133359,-6.23499996641762,32.9000015258789,"2020","4"
106.954996133092,-6.23499996641762,32.9000015258789,"2020","4"
106.964996132825,-6.23499996641762,33.2999992370605,"2020","4"
106.974996132558,-6.23499996641762,33.7000007629395,"2020","4"
106.984996132291,-6.23499996641762,34,"2020","4"
106.994996132024,-6.23499996641762,33,"2020","4"
106.654996141104,-6.24499996620257,32.7000007629395,"2020","4"
106.664996140837,-6.24499996620257,33.2000007629395,"2020","4"
106.67499614057,-6.24499996620257,33.7000007629395,"2020","4"
106.684996140303,-6.24499996620257,34.2999992370605,"2020","4"
106.694996140036,-6.24499996620257,34.7999992370605,"2020","4"
106.704996139769,-6.24499996620257,36.2000007629395,"2020","4"
106.714996139502,-6.24499996620257,38.0999984741211,"2020","4"
106.724996139235,-6.24499996620257,40.0999984741211,"2020","4"
106.734996138967,-6.24499996620257,42.0999984741211,"2020","4"
106.7449961387,-6.24499996620257,43.5,"2020","4"
106.754996138433,-6.24499996620257,43.4000015258789,"2020","4"
106.764996138166,-6.24499996620257,42.7000007629395,"2020","4"
106.774996137899,-6.24499996620257,42.0999984741211,"2020","4"
106.784996137632,-6.24499996620257,41.2999992370605,"2020","4"
106.794996137365,-6.24499996620257,40.7000007629395,"2020","4"
106.804996137098,-6.24499996620257,40.0999984741211,"2020","4"
106.814996136831,-6.24499996620257,39.2999992370605,"2020","4"
106.824996136564,-6.24499996620257,38.7000007629395,"2020","4"
106.834996136297,-6.24499996620257,37.9000015258789,"2020","4"
106.84499613603,-6.24499996620257,35.5,"2020","4"
106.854996135763,-6.24499996620257,35,"2020","4"
106.864996135496,-6.24499996620257,35,"2020","4"
106.874996135229,-6.24499996620257,35,"2020","4"
106.884996134962,-6.24499996620257,34.7999992370605,"2020","4"
106.894996134694,-6.24499996620257,35.0999984741211,"2020","4"
106.904996134427,-6.24499996620257,35,"2020","4"
106.91499613416,-6.24499996620257,34.2000007629395,"2020","4"
106.924996133893,-6.24499996620257,33.7999992370605,"2020","4"
106.934996133626,-6.24499996620257,32.9000015258789,"2020","4"
106.944996133359,-6.24499996620257,32,"2020","4"
106.954996133092,-6.24499996620257,32,"2020","4"
106.964996132825,-6.24499996620257,32.5,"2020","4"
106.974996132558,-6.24499996620257,32.9000015258789,"2020","4"
106.984996132291,-6.24499996620257,33.5,"2020","4"
106.994996132024,-6.24499996620257,33,"2020","4"
106.654996141104,-6.25499996598752,32.5999984741211,"2020","4"
106.664996140837,-6.25499996598752,33.0999984741211,"2020","4"
106.67499614057,-6.25499996598752,33.5999984741211,"2020","4"
106.684996140303,-6.25499996598752,34.2000007629395,"2020","4"
106.694996140036,-6.25499996598752,35.4000015258789,"2020","4"
106.704996139769,-6.25499996598752,37.2000007629395,"2020","4"
106.714996139502,-6.25499996598752,39,"2020","4"
106.724996139235,-6.25499996598752,40.9000015258789,"2020","4"
106.734996138967,-6.25499996598752,42.7000007629395,"2020","4"
106.7449961387,-6.25499996598752,43.4000015258789,"2020","4"
106.754996138433,-6.25499996598752,43.2999992370605,"2020","4"
106.764996138166,-6.25499996598752,42.7999992370605,"2020","4"
106.774996137899,-6.25499996598752,42.2000007629395,"2020","4"
106.784996137632,-6.25499996598752,41.5999984741211,"2020","4"
106.794996137365,-6.25499996598752,40.9000015258789,"2020","4"
106.804996137098,-6.25499996598752,40.4000015258789,"2020","4"
106.814996136831,-6.25499996598752,39.7999992370605,"2020","4"
106.824996136564,-6.25499996598752,39,"2020","4"
106.834996136297,-6.25499996598752,38.5,"2020","4"
106.84499613603,-6.25499996598752,37.5,"2020","4"
106.854996135763,-6.25499996598752,35.5999984741211,"2020","4"
106.864996135496,-6.25499996598752,35.0999984741211,"2020","4"
106.874996135229,-6.25499996598752,35,"2020","4"
106.884996134962,-6.25499996598752,35,"2020","4"
106.894996134694,-6.25499996598752,34.9000015258789,"2020","4"
106.904996134427,-6.25499996598752,34.9000015258789,"2020","4"
106.91499613416,-6.25499996598752,34.7999992370605,"2020","4"
106.924996133893,-6.25499996598752,34,"2020","4"
106.934996133626,-6.25499996598752,33.4000015258789,"2020","4"
106.944996133359,-6.25499996598752,32.5,"2020","4"
106.954996133092,-6.25499996598752,32.5,"2020","4"
106.964996132825,-6.25499996598752,32.9000015258789,"2020","4"
106.974996132558,-6.25499996598752,33.4000015258789,"2020","4"
106.984996132291,-6.25499996598752,33.5999984741211,"2020","4"
106.994996132024,-6.25499996598752,33.2000007629395,"2020","4"
106.654996141104,-6.26499996577247,32.2999992370605,"2020","4"
106.664996140837,-6.26499996577247,32.7999992370605,"2020","4"
106.67499614057,-6.26499996577247,33.2000007629395,"2020","4"
106.684996140303,-6.26499996577247,33.9000015258789,"2020","4"
106.694996140036,-6.26499996577247,35.7999992370605,"2020","4"
106.704996139769,-6.26499996577247,37.4000015258789,"2020","4"
106.714996139502,-6.26499996577247,39,"2020","4"
106.724996139235,-6.26499996577247,40.5999984741211,"2020","4"
106.734996138967,-6.26499996577247,42.0999984741211,"2020","4"
106.7449961387,-6.26499996577247,42.5,"2020","4"
106.754996138433,-6.26499996577247,42.5,"2020","4"
106.764996138166,-6.26499996577247,42.2999992370605,"2020","4"
106.774996137899,-6.26499996577247,41.7999992370605,"2020","4"
106.784996137632,-6.26499996577247,41.4000015258789,"2020","4"
106.794996137365,-6.26499996577247,41.0999984741211,"2020","4"
106.804996137098,-6.26499996577247,40.7000007629395,"2020","4"
106.814996136831,-6.26499996577247,40.0999984741211,"2020","4"
106.824996136564,-6.26499996577247,39.7000007629395,"2020","4"
106.834996136297,-6.26499996577247,39.2000007629395,"2020","4"
106.84499613603,-6.26499996577247,39,"2020","4"
106.854996135763,-6.26499996577247,38.5999984741211,"2020","4"
106.864996135496,-6.26499996577247,37.9000015258789,"2020","4"
106.874996135229,-6.26499996577247,37,"2020","4"
106.884996134962,-6.26499996577247,35.7000007629395,"2020","4"
106.894996134694,-6.26499996577247,35.2000007629395,"2020","4"
106.904996134427,-6.26499996577247,35,"2020","4"
106.91499613416,-6.26499996577247,34.9000015258789,"2020","4"
106.924996133893,-6.26499996577247,34.7999992370605,"2020","4"
106.934996133626,-6.26499996577247,34.5999984741211,"2020","4"
106.944996133359,-6.26499996577247,33.7000007629395,"2020","4"
106.954996133092,-6.26499996577247,33.7999992370605,"2020","4"
106.964996132825,-6.26499996577247,33.9000015258789,"2020","4"
106.974996132558,-6.26499996577247,34.2000007629395,"2020","4"
106.984996132291,-6.26499996577247,34,"2020","4"
106.994996132024,-6.26499996577247,33.2000007629395,"2020","4"
106.654996141104,-6.27499996555742,32.2999992370605,"2020","4"
106.664996140837,-6.27499996555742,32.7999992370605,"2020","4"
106.67499614057,-6.27499996555742,33.0999984741211,"2020","4"
106.684996140303,-6.27499996555742,34.5999984741211,"2020","4"
106.694996140036,-6.27499996555742,36.0999984741211,"2020","4"
106.704996139769,-6.27499996555742,37.7999992370605,"2020","4"
106.714996139502,-6.27499996555742,39.4000015258789,"2020","4"
106.724996139235,-6.27499996555742,41,"2020","4"
106.734996138967,-6.27499996555742,41.4000015258789,"2020","4"
106.7449961387,-6.27499996555742,41.7999992370605,"2020","4"
106.754996138433,-6.27499996555742,42,"2020","4"
106.764996138166,-6.27499996555742,41.7999992370605,"2020","4"
106.774996137899,-6.27499996555742,41.5,"2020","4"
106.784996137632,-6.27499996555742,41.4000015258789,"2020","4"
106.794996137365,-6.27499996555742,41,"2020","4"
106.804996137098,-6.27499996555742,40.7000007629395,"2020","4"
106.814996136831,-6.27499996555742,40.5,"2020","4"
106.824996136564,-6.27499996555742,40.2000007629395,"2020","4"
106.834996136297,-6.27499996555742,39.9000015258789,"2020","4"
106.84499613603,-6.27499996555742,39.7999992370605,"2020","4"
106.854996135763,-6.27499996555742,39.5,"2020","4"
106.864996135496,-6.27499996555742,39,"2020","4"
106.874996135229,-6.27499996555742,38.4000015258789,"2020","4"
106.884996134962,-6.27499996555742,38,"2020","4"
106.894996134694,-6.27499996555742,36.7999992370605,"2020","4"
106.904996134427,-6.27499996555742,35.5,"2020","4"
106.91499613416,-6.27499996555742,34.9000015258789,"2020","4"
106.924996133893,-6.27499996555742,34.7999992370605,"2020","4"
106.934996133626,-6.27499996555742,34.7999992370605,"2020","4"
106.944996133359,-6.27499996555742,34.5,"2020","4"
106.954996133092,-6.27499996555742,34.5,"2020","4"
106.964996132825,-6.27499996555742,34.2999992370605,"2020","4"
106.974996132558,-6.27499996555742,34.2999992370605,"2020","4"
106.984996132291,-6.27499996555742,33.7999992370605,"2020","4"
106.994996132024,-6.27499996555742,32.7000007629395,"2020","4"
106.654996141104,-6.28499996534237,31.7000007629395,"2020","4"
106.664996140837,-6.28499996534237,32.7000007629395,"2020","4"
106.67499614057,-6.28499996534237,33.7999992370605,"2020","4"
106.684996140303,-6.28499996534237,35.0999984741211,"2020","4"
106.694996140036,-6.28499996534237,36.7000007629395,"2020","4"
106.704996139769,-6.28499996534237,38.0999984741211,"2020","4"
106.714996139502,-6.28499996534237,39.5999984741211,"2020","4"
106.724996139235,-6.28499996534237,40.7000007629395,"2020","4"
106.734996138967,-6.28499996534237,41.0999984741211,"2020","4"
106.7449961387,-6.28499996534237,41.2999992370605,"2020","4"
106.754996138433,-6.28499996534237,41.2999992370605,"2020","4"
106.764996138166,-6.28499996534237,41.0999984741211,"2020","4"
106.774996137899,-6.28499996534237,41.2000007629395,"2020","4"
106.784996137632,-6.28499996534237,41.2000007629395,"2020","4"
106.794996137365,-6.28499996534237,41.0999984741211,"2020","4"
106.804996137098,-6.28499996534237,40.9000015258789,"2020","4"
106.814996136831,-6.28499996534237,40.7999992370605,"2020","4"
106.824996136564,-6.28499996534237,40.7999992370605,"2020","4"
106.834996136297,-6.28499996534237,40.5999984741211,"2020","4"
106.84499613603,-6.28499996534237,40.5999984741211,"2020","4"
106.854996135763,-6.28499996534237,40.0999984741211,"2020","4"
106.864996135496,-6.28499996534237,39.7000007629395,"2020","4"
106.874996135229,-6.28499996534237,39.0999984741211,"2020","4"
106.884996134962,-6.28499996534237,38.7000007629395,"2020","4"
106.894996134694,-6.28499996534237,38.2999992370605,"2020","4"
106.904996134427,-6.28499996534237,37.9000015258789,"2020","4"
106.91499613416,-6.28499996534237,36.2000007629395,"2020","4"
106.924996133893,-6.28499996534237,34.9000015258789,"2020","4"
106.934996133626,-6.28499996534237,34.7000007629395,"2020","4"
106.944996133359,-6.28499996534237,34.5,"2020","4"
106.954996133092,-6.28499996534237,34.2999992370605,"2020","4"
106.964996132825,-6.28499996534237,34.0999984741211,"2020","4"
106.974996132558,-6.28499996534237,34.2000007629395,"2020","4"
106.984996132291,-6.28499996534237,33.5999984741211,"2020","4"
106.994996132024,-6.28499996534237,32.7999992370605,"2020","4"
106.654996141104,-6.29499996512732,31.5,"2020","4"
106.664996140837,-6.29499996512732,33.2999992370605,"2020","4"
106.67499614057,-6.29499996512732,34.5999984741211,"2020","4"
106.684996140303,-6.29499996512732,35.7999992370605,"2020","4"
106.694996140036,-6.29499996512732,37.2999992370605,"2020","4"
106.704996139769,-6.29499996512732,38.5999984741211,"2020","4"
106.714996139502,-6.29499996512732,39.7999992370605,"2020","4"
106.724996139235,-6.29499996512732,40.2000007629395,"2020","4"
106.734996138967,-6.29499996512732,40.4000015258789,"2020","4"
106.7449961387,-6.29499996512732,40.7999992370605,"2020","4"
106.754996138433,-6.29499996512732,40.9000015258789,"2020","4"
106.764996138166,-6.29499996512732,40.7999992370605,"2020","4"
106.774996137899,-6.29499996512732,41,"2020","4"
106.784996137632,-6.29499996512732,40.7999992370605,"2020","4"
106.794996137365,-6.29499996512732,41,"2020","4"
106.804996137098,-6.29499996512732,41.0999984741211,"2020","4"
106.814996136831,-6.29499996512732,41.2000007629395,"2020","4"
106.824996136564,-6.29499996512732,41.4000015258789,"2020","4"
106.834996136297,-6.29499996512732,41,"2020","4"
106.84499613603,-6.29499996512732,40.7000007629395,"2020","4"
106.854996135763,-6.29499996512732,40.2000007629395,"2020","4"
106.864996135496,-6.29499996512732,40,"2020","4"
106.874996135229,-6.29499996512732,39.9000015258789,"2020","4"
106.884996134962,-6.29499996512732,39.4000015258789,"2020","4"
106.894996134694,-6.29499996512732,39.0999984741211,"2020","4"
106.904996134427,-6.29499996512732,38.7000007629395,"2020","4"
106.91499613416,-6.29499996512732,37.7999992370605,"2020","4"
106.924996133893,-6.29499996512732,36.0999984741211,"2020","4"
106.934996133626,-6.29499996512732,34.7000007629395,"2020","4"
106.944996133359,-6.29499996512732,34.5999984741211,"2020","4"
106.954996133092,-6.29499996512732,34.0999984741211,"2020","4"
106.964996132825,-6.29499996512732,33.9000015258789,"2020","4"
106.974996132558,-6.29499996512732,34.2000007629395,"2020","4"
106.984996132291,-6.29499996512732,34.2000007629395,"2020","4"
106.994996132024,-6.29499996512732,34,"2020","4"
106.654996141104,-6.30499996491227,31.7000007629395,"2020","4"
106.664996140837,-6.30499996491227,33.2999992370605,"2020","4"
106.67499614057,-6.30499996491227,35,"2020","4"
106.684996140303,-6.30499996491227,36.2999992370605,"2020","4"
106.694996140036,-6.30499996491227,37.5999984741211,"2020","4"
106.704996139769,-6.30499996491227,39,"2020","4"
106.714996139502,-6.30499996491227,39.4000015258789,"2020","4"
106.724996139235,-6.30499996491227,39.5999984741211,"2020","4"
106.734996138967,-6.30499996491227,39.9000015258789,"2020","4"
106.7449961387,-6.30499996491227,40.0999984741211,"2020","4"
106.754996138433,-6.30499996491227,40.2000007629395,"2020","4"
106.764996138166,-6.30499996491227,40.2999992370605,"2020","4"
106.774996137899,-6.30499996491227,40.7000007629395,"2020","4"
106.784996137632,-6.30499996491227,41,"2020","4"
106.794996137365,-6.30499996491227,41.0999984741211,"2020","4"
106.804996137098,-6.30499996491227,41.5999984741211,"2020","4"
106.814996136831,-6.30499996491227,41.7999992370605,"2020","4"
106.824996136564,-6.30499996491227,41.5,"2020","4"
106.834996136297,-6.30499996491227,41,"2020","4"
106.84499613603,-6.30499996491227,40.4000015258789,"2020","4"
106.854996135763,-6.30499996491227,40.0999984741211,"2020","4"
106.864996135496,-6.30499996491227,40.0999984741211,"2020","4"
106.874996135229,-6.30499996491227,39.9000015258789,"2020","4"
106.884996134962,-6.30499996491227,40,"2020","4"
106.894996134694,-6.30499996491227,39.7999992370605,"2020","4"
106.904996134427,-6.30499996491227,39.0999984741211,"2020","4"
106.91499613416,-6.30499996491227,38.4000015258789,"2020","4"
106.924996133893,-6.30499996491227,37.5999984741211,"2020","4"
106.934996133626,-6.30499996491227,35.9000015258789,"2020","4"
106.944996133359,-6.30499996491227,34.7000007629395,"2020","4"
106.954996133092,-6.30499996491227,34.2000007629395,"2020","4"
106.964996132825,-6.30499996491227,33.7000007629395,"2020","4"
106.974996132558,-6.30499996491227,34.7999992370605,"2020","4"
106.984996132291,-6.30499996491227,35.4000015258789,"2020","4"
106.994996132024,-6.30499996491227,34.7999992370605,"2020","4"
106.654996141104,-6.31499996469722,32.2999992370605,"2020","4"
106.664996140837,-6.31499996469722,33.5,"2020","4"
106.67499614057,-6.31499996469722,34.7999992370605,"2020","4"
106.684996140303,-6.31499996469722,35.7999992370605,"2020","4"
106.694996140036,-6.31499996469722,36.9000015258789,"2020","4"
106.704996139769,-6.31499996469722,37.5999984741211,"2020","4"
106.714996139502,-6.31499996469722,37.5999984741211,"2020","4"
106.724996139235,-6.31499996469722,37.7999992370605,"2020","4"
106.734996138967,-6.31499996469722,37.7999992370605,"2020","4"
106.7449961387,-6.31499996469722,38.4000015258789,"2020","4"
106.754996138433,-6.31499996469722,39.4000015258789,"2020","4"
106.764996138166,-6.31499996469722,39.7999992370605,"2020","4"
106.774996137899,-6.31499996469722,40.2999992370605,"2020","4"
106.784996137632,-6.31499996469722,40.7000007629395,"2020","4"
106.794996137365,-6.31499996469722,41.2000007629395,"2020","4"
106.804996137098,-6.31499996469722,41.7999992370605,"2020","4"
106.814996136831,-6.31499996469722,41.7999992370605,"2020","4"
106.824996136564,-6.31499996469722,41.5,"2020","4"
106.834996136297,-6.31499996469722,41.0999984741211,"2020","4"
106.84499613603,-6.31499996469722,40.4000015258789,"2020","4"
106.854996135763,-6.31499996469722,40.0999984741211,"2020","4"
106.864996135496,-6.31499996469722,40,"2020","4"
106.874996135229,-6.31499996469722,40,"2020","4"
106.884996134962,-6.31499996469722,39.7999992370605,"2020","4"
106.894996134694,-6.31499996469722,39.5999984741211,"2020","4"
106.904996134427,-6.31499996469722,39.4000015258789,"2020","4"
106.91499613416,-6.31499996469722,38.5999984741211,"2020","4"
106.924996133893,-6.31499996469722,38,"2020","4"
106.934996133626,-6.31499996469722,37.5,"2020","4"
106.944996133359,-6.31499996469722,35.5,"2020","4"
106.954996133092,-6.31499996469722,34.7000007629395,"2020","4"
106.964996132825,-6.31499996469722,34.9000015258789,"2020","4"
106.974996132558,-6.31499996469722,35.5,"2020","4"
106.984996132291,-6.31499996469722,35.2000007629395,"2020","4"
106.994996132024,-6.31499996469722,34.7999992370605,"2020","4"
106.654996141104,-6.32499996448217,32.5999984741211,"2020","4"
106.664996140837,-6.32499996448217,33.4000015258789,"2020","4"
106.67499614057,-6.32499996448217,34.0999984741211,"2020","4"
106.684996140303,-6.32499996448217,35.2999992370605,"2020","4"
106.694996140036,-6.32499996448217,35.2999992370605,"2020","4"
106.704996139769,-6.32499996448217,35.5,"2020","4"
106.714996139502,-6.32499996448217,35.5,"2020","4"
106.724996139235,-6.32499996448217,35.5,"2020","4"
106.734996138967,-6.32499996448217,35.5999984741211,"2020","4"
106.7449961387,-6.32499996448217,35.5,"2020","4"
106.754996138433,-6.32499996448217,35.7000007629395,"2020","4"
106.764996138166,-6.32499996448217,39,"2020","4"
106.774996137899,-6.32499996448217,39.7999992370605,"2020","4"
106.784996137632,-6.32499996448217,40.4000015258789,"2020","4"
106.794996137365,-6.32499996448217,41.2999992370605,"2020","4"
106.804996137098,-6.32499996448217,42,"2020","4"
106.814996136831,-6.32499996448217,41.7999992370605,"2020","4"
106.824996136564,-6.32499996448217,41.4000015258789,"2020","4"
106.834996136297,-6.32499996448217,40.9000015258789,"2020","4"
106.84499613603,-6.32499996448217,40.2000007629395,"2020","4"
106.854996135763,-6.32499996448217,40,"2020","4"
106.864996135496,-6.32499996448217,40.0999984741211,"2020","4"
106.874996135229,-6.32499996448217,39.9000015258789,"2020","4"
106.884996134962,-6.32499996448217,39.9000015258789,"2020","4"
106.894996134694,-6.32499996448217,39.7999992370605,"2020","4"
106.904996134427,-6.32499996448217,39.4000015258789,"2020","4"
106.91499613416,-6.32499996448217,39.2000007629395,"2020","4"
106.924996133893,-6.32499996448217,38.5,"2020","4"
106.934996133626,-6.32499996448217,37.7999992370605,"2020","4"
106.944996133359,-6.32499996448217,36.5999984741211,"2020","4"
106.954996133092,-6.32499996448217,35.7999992370605,"2020","4"
106.964996132825,-6.32499996448217,35.9000015258789,"2020","4"
106.974996132558,-6.32499996448217,35.9000015258789,"2020","4"
106.984996132291,-6.32499996448217,35.7999992370605,"2020","4"
106.994996132024,-6.32499996448217,35.0999984741211,"2020","4"
106.654996141104,-6.33499996426712,33,"2020","4"
106.664996140837,-6.33499996426712,33.2999992370605,"2020","4"
106.67499614057,-6.33499996426712,34.2000007629395,"2020","4"
106.684996140303,-6.33499996426712,35.0999984741211,"2020","4"
106.694996140036,-6.33499996426712,35.0999984741211,"2020","4"
106.704996139769,-6.33499996426712,35,"2020","4"
106.714996139502,-6.33499996426712,35.0999984741211,"2020","4"
106.724996139235,-6.33499996426712,35.2000007629395,"2020","4"
106.734996138967,-6.33499996426712,35,"2020","4"
106.7449961387,-6.33499996426712,34.9000015258789,"2020","4"
106.754996138433,-6.33499996426712,35.2000007629395,"2020","4"
106.764996138166,-6.33499996426712,36.2999992370605,"2020","4"
106.774996137899,-6.33499996426712,39.2999992370605,"2020","4"
106.784996137632,-6.33499996426712,40.2000007629395,"2020","4"
106.794996137365,-6.33499996426712,41.2999992370605,"2020","4"
106.804996137098,-6.33499996426712,41.9000015258789,"2020","4"
106.814996136831,-6.33499996426712,41.5999984741211,"2020","4"
106.824996136564,-6.33499996426712,41.0999984741211,"2020","4"
106.834996136297,-6.33499996426712,40.5999984741211,"2020","4"
106.84499613603,-6.33499996426712,40.0999984741211,"2020","4"
106.854996135763,-6.33499996426712,40,"2020","4"
106.864996135496,-6.33499996426712,39.7999992370605,"2020","4"
106.874996135229,-6.33499996426712,40,"2020","4"
106.884996134962,-6.33499996426712,40,"2020","4"
106.894996134694,-6.33499996426712,39.7000007629395,"2020","4"
106.904996134427,-6.33499996426712,39.4000015258789,"2020","4"
106.91499613416,-6.33499996426712,39.4000015258789,"2020","4"
106.924996133893,-6.33499996426712,39.2999992370605,"2020","4"
106.934996133626,-6.33499996426712,38.5,"2020","4"
106.944996133359,-6.33499996426712,37.4000015258789,"2020","4"
106.954996133092,-6.33499996426712,36.5,"2020","4"
106.964996132825,-6.33499996426712,35.7999992370605,"2020","4"
106.974996132558,-6.33499996426712,36,"2020","4"
106.984996132291,-6.33499996426712,36.0999984741211,"2020","4"
106.994996132024,-6.33499996426712,35.5,"2020","4"
106.654996141104,-6.34499996405208,33.2000007629395,"2020","4"
106.664996140837,-6.34499996405208,34.2999992370605,"2020","4"
106.67499614057,-6.34499996405208,34.9000015258789,"2020","4"
106.684996140303,-6.34499996405208,35,"2020","4"
106.694996140036,-6.34499996405208,34.7999992370605,"2020","4"
106.704996139769,-6.34499996405208,34.9000015258789,"2020","4"
106.714996139502,-6.34499996405208,34.5999984741211,"2020","4"
106.724996139235,-6.34499996405208,33.7999992370605,"2020","4"
106.734996138967,-6.34499996405208,32.4000015258789,"2020","4"
106.7449961387,-6.34499996405208,31.2999992370605,"2020","4"
106.754996138433,-6.34499996405208,33.2000007629395,"2020","4"
106.764996138166,-6.34499996405208,35,"2020","4"
106.774996137899,-6.34499996405208,37.5,"2020","4"
106.784996137632,-6.34499996405208,39.9000015258789,"2020","4"
106.794996137365,-6.34499996405208,40.9000015258789,"2020","4"
106.804996137098,-6.34499996405208,41.7999992370605,"2020","4"
106.814996136831,-6.34499996405208,41.2999992370605,"2020","4"
106.824996136564,-6.34499996405208,40.9000015258789,"2020","4"
106.834996136297,-6.34499996405208,40.5,"2020","4"
106.84499613603,-6.34499996405208,40.0999984741211,"2020","4"
106.854996135763,-6.34499996405208,40.2999992370605,"2020","4"
106.864996135496,-6.34499996405208,39.7999992370605,"2020","4"
106.874996135229,-6.34499996405208,39.9000015258789,"2020","4"
106.884996134962,-6.34499996405208,39.9000015258789,"2020","4"
106.894996134694,-6.34499996405208,39.9000015258789,"2020","4"
106.904996134427,-6.34499996405208,39.5999984741211,"2020","4"
106.91499613416,-6.34499996405208,39.5,"2020","4"
106.924996133893,-6.34499996405208,39.5,"2020","4"
106.934996133626,-6.34499996405208,38.0999984741211,"2020","4"
106.944996133359,-6.34499996405208,36.2999992370605,"2020","4"
106.954996133092,-6.34499996405208,35.7999992370605,"2020","4"
106.964996132825,-6.34499996405208,35.7000007629395,"2020","4"
106.974996132558,-6.34499996405208,36.2999992370605,"2020","4"
106.984996132291,-6.34499996405208,36.4000015258789,"2020","4"
106.994996132024,-6.34499996405208,35.7000007629395,"2020","4"
106.654996141104,-6.35499996383703,34,"2020","4"
106.664996140837,-6.35499996383703,34.7000007629395,"2020","4"
106.67499614057,-6.35499996383703,35,"2020","4"
106.684996140303,-6.35499996383703,34.7999992370605,"2020","4"
106.694996140036,-6.35499996383703,34.9000015258789,"2020","4"
106.704996139769,-6.35499996383703,34.9000015258789,"2020","4"
106.714996139502,-6.35499996383703,34.2999992370605,"2020","4"
106.724996139235,-6.35499996383703,33.2999992370605,"2020","4"
106.734996138967,-6.35499996383703,32.5,"2020","4"
106.7449961387,-6.35499996383703,30.7999992370605,"2020","4"
106.754996138433,-6.35499996383703,32.7999992370605,"2020","4"
106.764996138166,-6.35499996383703,34.7000007629395,"2020","4"
106.774996137899,-6.35499996383703,37.4000015258789,"2020","4"
106.784996137632,-6.35499996383703,40,"2020","4"
106.794996137365,-6.35499996383703,41.2000007629395,"2020","4"
106.804996137098,-6.35499996383703,41.7000007629395,"2020","4"
106.814996136831,-6.35499996383703,41.7999992370605,"2020","4"
106.824996136564,-6.35499996383703,41.4000015258789,"2020","4"
106.834996136297,-6.35499996383703,40.5999984741211,"2020","4"
106.84499613603,-6.35499996383703,40.5999984741211,"2020","4"
106.854996135763,-6.35499996383703,40.7000007629395,"2020","4"
106.864996135496,-6.35499996383703,40.5,"2020","4"
106.874996135229,-6.35499996383703,40.5,"2020","4"
106.884996134962,-6.35499996383703,40.2999992370605,"2020","4"
106.894996134694,-6.35499996383703,39.2999992370605,"2020","4"
106.904996134427,-6.35499996383703,39.0999984741211,"2020","4"
106.91499613416,-6.35499996383703,38.4000015258789,"2020","4"
106.924996133893,-6.35499996383703,37.7999992370605,"2020","4"
106.934996133626,-6.35499996383703,36.7000007629395,"2020","4"
106.944996133359,-6.35499996383703,34.5,"2020","4"
106.954996133092,-6.35499996383703,33.7000007629395,"2020","4"
106.964996132825,-6.35499996383703,34.7000007629395,"2020","4"
106.974996132558,-6.35499996383703,35.7000007629395,"2020","4"
106.984996132291,-6.35499996383703,36.2000007629395,"2020","4"
106.994996132024,-6.35499996383703,35.7000007629395,"2020","4"
106.654996141104,-6.36499996362198,34.2000007629395,"2020","4"
106.664996140837,-6.36499996362198,34.5999984741211,"2020","4"
106.67499614057,-6.36499996362198,34.5999984741211,"2020","4"
106.684996140303,-6.36499996362198,34.7999992370605,"2020","4"
106.694996140036,-6.36499996362198,34.9000015258789,"2020","4"
106.704996139769,-6.36499996362198,35,"2020","4"
106.714996139502,-6.36499996362198,34.9000015258789,"2020","4"
106.724996139235,-6.36499996362198,34.9000015258789,"2020","4"
106.734996138967,-6.36499996362198,34.7999992370605,"2020","4"
106.7449961387,-6.36499996362198,34,"2020","4"
106.754996138433,-6.36499996362198,34.7999992370605,"2020","4"
106.764996138166,-6.36499996362198,35.2999992370605,"2020","4"
106.774996137899,-6.36499996362198,38.9000015258789,"2020","4"
106.784996137632,-6.36499996362198,40.0999984741211,"2020","4"
106.794996137365,-6.36499996362198,41.2000007629395,"2020","4"
106.804996137098,-6.36499996362198,42.0999984741211,"2020","4"
106.814996136831,-6.36499996362198,42.5,"2020","4"
106.824996136564,-6.36499996362198,42.0999984741211,"2020","4"
106.834996136297,-6.36499996362198,41.7000007629395,"2020","4"
106.84499613603,-6.36499996362198,41.4000015258789,"2020","4"
106.854996135763,-6.36499996362198,41.4000015258789,"2020","4"
106.864996135496,-6.36499996362198,41.2000007629395,"2020","4"
106.874996135229,-6.36499996362198,39.7999992370605,"2020","4"
106.884996134962,-6.36499996362198,38.5999984741211,"2020","4"
106.894996134694,-6.36499996362198,38.2999992370605,"2020","4"
106.904996134427,-6.36499996362198,37.5999984741211,"2020","4"
106.91499613416,-6.36499996362198,36.7999992370605,"2020","4"
106.924996133893,-6.36499996362198,35.5,"2020","4"
106.934996133626,-6.36499996362198,34.7999992370605,"2020","4"
106.944996133359,-6.36499996362198,33.0999984741211,"2020","4"
106.954996133092,-6.36499996362198,32.2000007629395,"2020","4"
106.964996132825,-6.36499996362198,32.5,"2020","4"
106.974996132558,-6.36499996362198,34.4000015258789,"2020","4"
106.984996132291,-6.36499996362198,34.7999992370605,"2020","4"
106.994996132024,-6.36499996362198,34.9000015258789,"2020","4"
106.654996141104,-6.37499996340693,33.4000015258789,"2020","4"
106.664996140837,-6.37499996340693,34.4000015258789,"2020","4"
106.67499614057,-6.37499996340693,34.5,"2020","4"
106.684996140303,-6.37499996340693,35,"2020","4"
106.694996140036,-6.37499996340693,34.9000015258789,"2020","4"
106.704996139769,-6.37499996340693,35,"2020","4"
106.714996139502,-6.37499996340693,35,"2020","4"
106.724996139235,-6.37499996340693,35.2000007629395,"2020","4"
106.734996138967,-6.37499996340693,35.0999984741211,"2020","4"
106.7449961387,-6.37499996340693,35,"2020","4"
106.754996138433,-6.37499996340693,35.0999984741211,"2020","4"
106.764996138166,-6.37499996340693,37.4000015258789,"2020","4"
106.774996137899,-6.37499996340693,39.4000015258789,"2020","4"
106.784996137632,-6.37499996340693,40.5,"2020","4"
106.794996137365,-6.37499996340693,41.4000015258789,"2020","4"
106.804996137098,-6.37499996340693,42.2000007629395,"2020","4"
106.814996136831,-6.37499996340693,43,"2020","4"
106.824996136564,-6.37499996340693,42.7999992370605,"2020","4"
106.834996136297,-6.37499996340693,42.5999984741211,"2020","4"
106.84499613603,-6.37499996340693,42.4000015258789,"2020","4"
106.854996135763,-6.37499996340693,42.2000007629395,"2020","4"
106.864996135496,-6.37499996340693,41.2000007629395,"2020","4"
106.874996135229,-6.37499996340693,39.0999984741211,"2020","4"
106.884996134962,-6.37499996340693,37,"2020","4"
106.894996134694,-6.37499996340693,36.5999984741211,"2020","4"
106.904996134427,-6.37499996340693,35.7999992370605,"2020","4"
106.91499613416,-6.37499996340693,34.9000015258789,"2020","4"
106.924996133893,-6.37499996340693,33.9000015258789,"2020","4"
106.934996133626,-6.37499996340693,32.2999992370605,"2020","4"
106.944996133359,-6.37499996340693,31.2999992370605,"2020","4"
106.954996133092,-6.37499996340693,31.2000007629395,"2020","4"
106.964996132825,-6.37499996340693,31.3999996185303,"2020","4"
106.974996132558,-6.37499996340693,32.5,"2020","4"
106.984996132291,-6.37499996340693,33.7000007629395,"2020","4"
106.994996132024,-6.37499996340693,33.7000007629395,"2020","4"
106.654996141104,-6.38499996319188,32.7999992370605,"2020","4"
106.664996140837,-6.38499996319188,33.9000015258789,"2020","4"
106.67499614057,-6.38499996319188,34.7000007629395,"2020","4"
106.684996140303,-6.38499996319188,35.2000007629395,"2020","4"
106.694996140036,-6.38499996319188,35.2000007629395,"2020","4"
106.704996139769,-6.38499996319188,35.2000007629395,"2020","4"
106.714996139502,-6.38499996319188,35.5,"2020","4"
106.724996139235,-6.38499996319188,35.2999992370605,"2020","4"
106.734996138967,-6.38499996319188,35.5999984741211,"2020","4"
106.7449961387,-6.38499996319188,35.2999992370605,"2020","4"
106.754996138433,-6.38499996319188,36.5999984741211,"2020","4"
106.764996138166,-6.38499996319188,38.9000015258789,"2020","4"
106.774996137899,-6.38499996319188,39.7000007629395,"2020","4"
106.784996137632,-6.38499996319188,40.7000007629395,"2020","4"
106.794996137365,-6.38499996319188,41.4000015258789,"2020","4"
106.804996137098,-6.38499996319188,41.9000015258789,"2020","4"
106.814996136831,-6.38499996319188,42.2000007629395,"2020","4"
106.824996136564,-6.38499996319188,42.5,"2020","4"
106.834996136297,-6.38499996319188,41.2000007629395,"2020","4"
106.84499613603,-6.38499996319188,42.7000007629395,"2020","4"
106.854996135763,-6.38499996319188,42.9000015258789,"2020","4"
106.864996135496,-6.38499996319188,40.5,"2020","4"
106.874996135229,-6.38499996319188,38.5,"2020","4"
106.884996134962,-6.38499996319188,36.4000015258789,"2020","4"
106.894996134694,-6.38499996319188,35,"2020","4"
106.904996134427,-6.38499996319188,34.0999984741211,"2020","4"
106.91499613416,-6.38499996319188,32.7999992370605,"2020","4"
106.924996133893,-6.38499996319188,31.3999996185303,"2020","4"
106.934996133626,-6.38499996319188,30.2000007629395,"2020","4"
106.944996133359,-6.38499996319188,29,"2020","4"
106.954996133092,-6.38499996319188,29.2999992370605,"2020","4"
106.964996132825,-6.38499996319188,30.2000007629395,"2020","4"
106.974996132558,-6.38499996319188,30.8999996185303,"2020","4"
106.984996132291,-6.38499996319188,31.7999992370605,"2020","4"
106.994996132024,-6.38499996319188,32.2000007629395,"2020","4"
106.654996141104,-6.39499996297683,33.2000007629395,"2020","4"
106.664996140837,-6.39499996297683,33.5,"2020","4"
106.67499614057,-6.39499996297683,35.0999984741211,"2020","4"
106.684996140303,-6.39499996297683,35.9000015258789,"2020","4"
106.694996140036,-6.39499996297683,36.4000015258789,"2020","4"
106.704996139769,-6.39499996297683,36.5,"2020","4"
106.714996139502,-6.39499996297683,37.2000007629395,"2020","4"
106.724996139235,-6.39499996297683,37.5,"2020","4"
106.734996138967,-6.39499996297683,37.5999984741211,"2020","4"
106.7449961387,-6.39499996297683,37.9000015258789,"2020","4"
106.754996138433,-6.39499996297683,39,"2020","4"
106.764996138166,-6.39499996297683,39.4000015258789,"2020","4"
106.774996137899,-6.39499996297683,40.2000007629395,"2020","4"
106.784996137632,-6.39499996297683,41,"2020","4"
106.794996137365,-6.39499996297683,40.7999992370605,"2020","4"
106.804996137098,-6.39499996297683,40.7999992370605,"2020","4"
106.814996136831,-6.39499996297683,40.5999984741211,"2020","4"
106.824996136564,-6.39499996297683,40.2000007629395,"2020","4"
106.834996136297,-6.39499996297683,40.2000007629395,"2020","4"
106.84499613603,-6.39499996297683,41.7999992370605,"2020","4"
106.854996135763,-6.39499996297683,41.9000015258789,"2020","4"
106.864996135496,-6.39499996297683,40,"2020","4"
106.874996135229,-6.39499996297683,37.7999992370605,"2020","4"
106.884996134962,-6.39499996297683,35.4000015258789,"2020","4"
106.894996134694,-6.39499996297683,33.2000007629395,"2020","4"
106.904996134427,-6.39499996297683,31.6000003814697,"2020","4"
106.91499613416,-6.39499996297683,30.5,"2020","4"
106.924996133893,-6.39499996297683,30.1000003814697,"2020","4"
106.934996133626,-6.39499996297683,28.6000003814697,"2020","4"
106.944996133359,-6.39499996297683,27.2999992370605,"2020","4"
106.954996133092,-6.39499996297683,27,"2020","4"
106.964996132825,-6.39499996297683,28.6000003814697,"2020","4"
106.974996132558,-6.39499996297683,29.5,"2020","4"
106.984996132291,-6.39499996297683,30.2000007629395,"2020","4"
106.994996132024,-6.39499996297683,30.3999996185303,"2020","4"
